INSERT INTO Cliente (codcli, cpfcli, nomcli, datnascli, telcli, endcli,sexcli, datcadcli)
VALUES 
  (1, 12345678901, 'João Silva', '1990-01-01', '999999999', 'Rua 25 de Março, 123','M','2018-09-18'),
  (2, 98765432109, 'Maria Souza', '1985-05-10', '888888888', 'Avenida Avelino de Matias , 456','F','2009-05-06'),
  (3, 45678912304, 'Carlos Ferreira', '1998-08-15', '777777777', 'Rua do Cristo, 789','M','2023-09-21'),
  (4, 32165498707, 'Ana Oliveira', '1992-03-20', '666666666', 'Avenida Brasil, 321','F','2020-10-30'),
  (5, 74185296300, 'Lucas Santos', '2023-12-25', '555555555', 'Rua Aurelio, 987','M','2005-03-11'),
  (6, 95637265311, 'Arthur Costa', '2023-05-29', '444444444', 'Avenida João Pedro, 454','M','2023-07-03'),
  (7, 85743421321, 'Matheus Machado', '1989-08-21', '111111111', 'Rua Almeida, 768','M','2021-03-02'),
  (8, 87548725382, 'Marcelo Freitas', '2004-06-02', '222222222', 'Rua Garcia, 990','M','2006-07-29'),
  (9, 98565263516, 'Clarice Marques', '2023-02-02', '333333333', 'Avenida Carlos Alberto, 321','M', '2023-06-01' ),
  (10, 12319243412, 'Fabio Charnoski', '2000-07-26', '101010101', 'Avenida Paulista, 666','M', '2023-02-04');


 
INSERT INTO Conta (codcon, codcli, debcon, crecon, datcon, cpfcli)
VALUES 
  (1, 1, 100.00, 0.00, '2023-07-01', 12345678901),
  (2, 2, 50.00, 0.00, '2023-07-01', 98765432109),
  (3, 3, 200.00, 50.00, '2023-07-01', 45678912304),
  (4, 4, 0.00, 100.00, '2023-07-01', 32165498707),
  (5, 5, 150.00, 0.00, '2023-07-01', 74185296300);

 
INSERT INTO Encomenda (codenc, codcli, codpro, qtdproenc, datenc, endenc, proenc, cpfcli)
VALUES 
  (1, 1, 1,50, '2023-06-02', 'Rua 25 de Março, 123', 'Pães franceses', 12345678901),
  (2, 2, 2,3, '2023-06-02', 'Avenida Avelino de Matias , 456', 'Bolo de Chocolate', 98765432109),
  (3, 3, 3,100, '2023-06-02', 'Rua do Cristo, 789', 'Salgados Fritos Sortidos', 45678912304),
  (4, 4, 4,50, '2023-06-02', 'Avenida Brasil, 321', 'Docinhos Sortidos', 32165498707),
  (5, 5, 5,5, '2023-06-02', 'Rua Aurelio, 987', 'Pão de Milho', 74185296300);

 
INSERT INTO Fornecedor (codfor, nomfor, marfor, telfor)
VALUES 
  (1, 'Jorge Cielo', 'Aurora', '888888888'),
  (2, 'Marcela Santana', 'Tozzo', '999999999'),
  (3, 'Wesley Lima', 'A.C.B Bebidas', '777777777'),
  (4, 'Breno de Morais', 'JLA', '666666666'),
  (5, 'Cleber Almeida', 'Finco', '555555555');

 
INSERT INTO Funcionario (codfun, cnpj, codset, nomfun, sexfun, datnasfun, carhorfun)
VALUES 
  (1, 123456789, 1, 'Adriana Cardoso', 'M', '1995-01-01', '40 horas'),
  (2, 123456789, 2, 'Felipe de Morais', 'M', '1990-05-10', '30 horas'),
  (3, 123456789, 1, 'Rogerio Miller', 'M', '1988-12-15', '40 horas'),
  (4, 123456789, 3, 'Maria Furlan ', 'F', '1992-07-20', '30 horas'),
  (5, 123456789, 1, 'Paulo Lopes', 'M', '1993-09-05', '40 horas');

 
INSERT INTO Padaria (cnpj, nomfanpad, endpad, telpad)
VALUES 
  (123456789, 'Padaria Bread-Track', 'Rua Primeiro de Julho, 789', '333333333');

INSERT INTO Produto (codpro, nompro, vlrpro, vldpro, qtdest, codenc, codcli)
VALUES
  (1, 'Pão Francês', 1.50, '3 dias', 100, 1, 1),
  (2, 'Bolo de Chocolate', 25.00, '10 dias', 10, 2, 2),
  (3, 'Salgado Fritos', 2.00, '5 dias', 50, 3, 3),
  (4, 'Docinhos', 3.50, '5 dias', 30, 4, 4),
  (5, 'Pão de Milho', 1.80, '5 dias', 80, 5, 5),
  (6, 'Enroladinho', 2.50, '2 dias', 40, 6, 1),
  (7, 'Pão de Mel', 3.00, '20 dias', 20, 7, 2),
  (8, 'Empada de Frango', 2.20, '2 dias', 30, 8, 3),
  (9, 'Queijadinha', 2.80, '2 dias', 25, 9, 4),
  (10, 'Rosquinha', 1.50, '25 dias', 50, 10, 5),
  (11, 'Pão Integral', 2.00, '10 dias', 60, 11, 1),
  (12, 'Torta de Limão', 28.00, '15 dias', 8, 12, 2),
  (13, 'Pastel de Carne', 2.50, '2 dias', 40, 13, 3),
  (14, 'Bolo de Fubå', 3.00, '5 dias', 15, 14, 4),
  (15, 'Cachorro-Quente', 5.00, '1 dias', 35, 15, 5),
  (16, 'Brioche', 2.80, '4 dias', 25, 16, 1),
  (17, 'Torta de Morango', 30.00, '10 dias', 10, 17, 2),
  (18, 'Pastel de Queijo', 2.50, '2 dias', 30, 18, 3),
  (19, 'Bolo de Cenoura', 3.50, ' 15 dias', 20, 19, 4),
  (20, 'Coxinha de Frango', 2.00, '3 dias', 40, 20, 5);


INSERT INTO ProdutoFornecedor (codpro, codfor)
VALUES 
  (1, 1),
  (2, 2),
  (3, 3),
  (4, 4),
  (5, 5);


INSERT INTO ProdutoVenda (codven, codpro)
VALUES 
  (1, 1),
  (2, 2),
  (3, 1),
  (4, 4),
  (5, 5),
  (6, 1),
  (7, 2),
  (8, 3),
  (9, 4),
  (10, 5),
  (11, 1),
  (12, 2),
  (13, 6),
  (14, 4),
  (15, 7),
  (16, 1),
  (17, 2),
  (18, 6),
  (19, 4),
  (20, 1),
  (21, 1),
  (22, 2),
  (23, 1),
  (24, 4),
  (25, 5),
  (26, 1),
  (27, 2),
  (28, 3),
  (29, 4),
  (30, 5),
  (31, 1),
  (32, 2),
  (33, 6),
  (34, 4),
  (35, 7),
  (36, 1),
  (37, 2),
  (38, 6),
  (39, 4),
  (40, 1),
  (41, 1),
  (42, 2),
  (43, 1),
  (44, 4),
  (45, 5),
  (46, 1),
  (47, 2),
  (48, 3),
  (49, 4),
  (50, 5),
  (51, 1),
  (52, 2),
  (53, 6),
  (54, 4),
  (55, 7),
  (56, 1),
  (57, 2),
  (58, 6),
  (59, 4),
  (60, 1),
  (61, 1),
  (62, 2),
  (63, 1),
  (64, 4),
  (65, 5),
  (66, 1),
  (67, 2),
  (68, 3),
  (69, 4),
  (70, 5),
  (71, 1),
  (72, 2),
  (73, 6),
  (74, 4),
  (75, 7),
  (76, 1),
  (77, 2),
  (78, 6),
  (79, 4),
  (80, 1),
  (81, 1),
  (82, 2),
  (83, 1),
  (84, 4),
  (85, 5),
  (86, 1),
  (87, 2),
  (88, 3),
  (89, 4),
  (90, 5),
  (91, 1),
  (92, 2),
  (93, 6),
  (94, 4),
  (95, 7),
  (96, 1),
  (97, 2),
  (98, 6),
  (99, 4),
  (100, 1),
  (101, 1),
  (102, 2),
  (103, 1),
  (104, 4),
  (105, 5),
  (106, 1),
  (107, 2),
  (108, 3),
  (109, 4),
  (110, 5),
  (111, 1),
  (112, 2),
  (113, 6),
  (114, 4),
  (115, 7),
  (116, 1),
  (117, 2),
  (118, 6),
  (119, 4),
  (120, 1),
  (121, 1),
  (122, 2),
  (123, 1),
  (124, 4),
  (125, 5),
  (126, 1),
  (127, 2),
  (128, 3),
  (129, 4),
  (130, 5),
  (131, 1),
  (132, 2),
  (133, 6),
  (134, 4),
  (135, 7),
  (136, 1),
  (137, 2),
  (138, 6),
  (139, 4),
  (140, 1),
  (141, 1),
  (142, 2),
  (143, 1),
  (144, 4),
  (145, 5),
  (146, 1),
  (147, 2),
  (148, 3),
  (149, 4),
  (150, 5),
  (151, 1),
  (152, 2),
  (153, 6),
  (154, 4),
  (155, 7),
  (156, 1),
  (157, 2),
  (158, 6),
  (159, 4),
  (160, 1),
  (161, 1),
  (162, 2),
  (163, 1),
  (164, 4),
  (165, 5),
  (166, 1),
  (167, 2),
  (168, 3),
  (169, 4),
  (170, 5),
  (171, 1),
  (172, 2),
  (173, 6),
  (174, 4),
  (175, 7),
  (176, 1),
  (177, 2),
  (178, 6),
  (179, 4),
  (180, 1),
  (181, 1),
  (182, 2),
  (183, 1),
  (184, 4),
  (185, 5),
  (186, 1),
  (187, 2),
  (188, 3),
  (189, 4),
  (190, 5),
  (191, 1),
  (192, 2),
  (193, 6),
  (194, 4),
  (195, 7),
  (196, 1),
  (197, 2),
  (198, 6),
  (199, 4),
  (200, 1),
  (201, 1),
  (202, 2),
  (203, 1),
  (204, 4),
  (205, 5),
  (206, 1),
  (207, 2),
  (208, 3),
  (209, 4),
  (210, 5),
  (211, 1),
  (212, 2),
  (213, 6),
  (214, 4),
  (215, 7),
  (216, 1),
  (217, 2),
  (218, 6),
  (219, 4),
  (220, 1),
  (221, 1),
  (222, 2),
  (223, 1),
  (224, 4),
  (225, 5),
  (226, 1),
  (227, 2),
  (228, 3),
  (229, 4),
  (230, 5),
  (231, 1),
  (232, 2),
  (233, 6),
  (234, 4),
  (235, 7),
  (236, 1),
  (237, 2),
  (238, 6),
  (239, 4),
  (240, 1),
  (241, 1),
  (242, 2),
  (243, 1),
  (244, 4),
  (245, 5),
  (246, 1),
  (247, 2),
  (248, 3),
  (249, 4),
  (250, 5),
  (251, 1),
  (252, 2),
  (253, 6),
  (254, 4),
  (255, 7),
  (256, 1),
  (257, 2),
  (258, 6),
  (259, 4),
  (260, 1),
  (261, 1),
  (262, 2),
  (263, 1),
  (264, 4),
  (265, 5),
  (266, 1),
  (267, 2),
  (268, 3),
  (269, 4),
  (270, 5),
  (271, 1),
  (272, 2),
  (273, 6),
  (274, 4),
  (275, 7),
  (276, 1),
  (277, 2),
  (278, 6),
  (279, 4),
  (280, 1),
  (281, 1),
  (282, 2),
  (283, 1),
  (284, 4),
  (285, 5),
  (286, 1),
  (287, 2),
  (288, 3),
  (289, 4),
  (290, 5),
  (291, 1),
  (292, 2),
  (293, 6),
  (294, 4),
  (295, 7),
  (296, 1),
  (297, 2),
  (298, 6),
  (299, 4),
  (300, 1),
  (301, 1),
  (302, 2),
  (303, 1),
  (304, 4),
  (305, 5),
  (306, 1),
  (307, 2),
  (308, 3),
  (309, 4),
  (310, 5),
  (311, 1),
  (312, 2),
  (313, 6),
  (314, 4),
  (315, 7),
  (316, 1),
  (317, 2),
  (318, 6),
  (319, 4),
  (320, 1),
  (321, 1),
  (322, 2),
  (323, 1),
  (324, 4),
  (325, 5),
  (326, 1),
  (327, 2),
  (328, 3),
  (329, 4),
  (330, 5),
  (331, 1),
  (332, 2),
  (333, 6),
  (334, 4),
  (335, 7),
  (336, 1),
  (337, 2),
  (338, 6),
  (339, 4),
  (340, 1),
  (341, 1),
  (342, 2),
  (343, 1),
  (344, 4),
  (345, 5),
  (346, 1),
  (347, 2),
  (348, 3),
  (349, 4),
  (350, 5),
  (351, 1),
  (352, 2),
  (353, 6),
  (354, 4),
  (355, 7),
  (356, 1),
  (357, 2),
  (358, 6),
  (359, 4),
  (360, 1),
  (361, 1),
  (362, 2),
  (363, 1),
  (364, 4),
  (365, 5),
  (366, 1),
  (367, 2),
  (368, 3),
  (369, 4),
  (370, 5),
  (371, 1),
  (372, 2),
  (373, 6),
  (374, 4),
  (375, 7),
  (376, 1),
  (377, 2),
  (378, 6),
  (379, 4),
  (380, 1),
  (381, 1),
  (382, 2),
  (383, 1),
  (384, 4),
  (385, 5),
  (386, 1),
  (387, 2),
  (388, 3),
  (389, 4),
  (390, 5),
  (391, 1),
  (392, 2),
  (393, 6),
  (394, 4),
  (395, 7),
  (396, 1),
  (397, 2),
  (398, 6),
  (399, 4),
  (400, 1);


INSERT INTO Setor (codset, funset, nomset)
VALUES 
  (1, 'Atendimento', 'Setor de Atendimento'),
  (2, 'Produção', 'Setor de Produção'),
  (3, 'Limpeza', 'Setor de Limpeza');


INSERT INTO Veiculo (plavei, cnpj, modvei, anovei)
VALUES 
  ('ABC1234', 123456789, 'Kombi', 1990),
  ('XYZ5678', 123456789, 'Uno', 2018),
  ('DEF9012', 123456789, 'Fiorino', 2019);
 



INSERT INTO Venda (codven, codcli, cnpj, datven, qtdven, vlrven, cpfcli)
VALUES 
  (1, 1, 123456789, '2022-08-01', 2, 3.00, 12345678901),
  (2, 2, 123456789, '2022-07-01', 1, 25.00, 98765432109),
  (3, 3, 123456789, '2022-07-01', 5, 10.00, 45678912304),
  (4, 4, 123456789, '2022-06-01', 3, 10.50, 32165498707),
  (5, 5, 123456789, '2022-07-01', 4, 7.20, 74185296300),
  (6, 1, 123456789, '2022-08-01', 2, 8.00, 12345678901),
  (7, 2, 123456789, '2022-02-01', 1, 35.00, 98765432109),
  (8, 3, 123456789, '2022-01-01', 5, 14.00, 45678912304),
  (9, 4, 123456789, '2022-04-01', 3, 17.50, 32165498707),
  (10, 5, 123456789, '2022-04-01', 4, 19.20, 74185296300),
  (11, 1, 123456789, '2022-05-01', 2, 3.00, 12345678901),
  (12, 2, 123456789, '2022-01-01', 1, 25.00, 98765432109),
  (13, 3, 123456789, '2022-01-01', 5, 10.00, 45678912304),
  (14, 4, 123456789, '2022-03-01', 3, 10.50, 32165498707),
  (15, 5, 123456789, '2022-03-01', 4, 7.20, 74185296300),
  (16, 1, 123456789, '2022-06-01', 2, 8.00, 12345678901),
  (17, 2, 123456789, '2022-09-01', 1, 35.00, 98765432109),
  (18, 3, 123456789, '2022-10-01', 5, 14.00, 45678912304),
  (19, 4, 123456789, '2022-10-01', 3, 17.50, 32165498707),
  (20, 5, 123456789, '2022-10-01', 4, 19.20, 74185296300),
  (21, 1, 123456789, '2022-04-01', 2, 3.00, 12345678901),
  (22, 2, 123456789, '2022-10-01', 1, 25.00, 98765432109),
  (23, 3, 123456789, '2022-11-01', 5, 10.00, 45678912304),
  (24, 4, 123456789, '2022-08-01', 3, 10.50, 32165498707),
  (25, 5, 123456789, '2022-06-01', 4, 7.20, 74185296300),
  (26, 1, 123456789, '2022-05-01', 2, 8.00, 12345678901),
  (27, 2, 123456789, '2022-02-01', 1, 35.00, 98765432109),
  (28, 3, 123456789, '2022-02-01', 5, 14.00, 45678912304),
  (29, 4, 123456789, '2022-02-01', 3, 17.50, 32165498707),
  (30, 5, 123456789, '2022-01-01', 4, 19.20, 74185296300),
  (31, 1, 123456789, '2023-08-01', 2, 3.00, 12345678901),
  (32, 2, 123456789, '2023-07-01', 1, 25.00, 98765432109),
  (33, 3, 123456789, '2023-07-01', 5, 10.00, 45678912304),
  (34, 4, 123456789, '202-06-01', 3, 10.50, 32165498707),
  (35, 5, 123456789, '2023-07-01', 4, 7.20, 74185296300),
  (36, 1, 123456789, '2023-08-01', 2, 8.00, 12345678901),
  (37, 2, 123456789, '2023-02-01', 1, 35.00, 98765432109),
  (38, 3, 123456789, '2023-01-01', 5, 14.00, 45678912304),
  (39, 4, 123456789, '2023-04-01', 3, 17.50, 32165498707),
  (40, 5, 123456789, '2023-04-01', 4, 19.20, 74185296300),
  (41, 1, 123456789, '2023-05-01', 2, 3.00, 12345678901),
  (42, 2, 123456789, '2023-01-01', 1, 25.00, 98765432109),
  (43, 3, 123456789, '2023-01-01', 5, 10.00, 45678912304),
  (44, 4, 123456789, '2023-03-01', 3, 10.50, 32165498707),
  (45, 5, 123456789, '2023-03-01', 4, 7.20, 74185296300),
  (46, 1, 123456789, '2023-06-01', 2, 8.00, 12345678901),
  (47, 2, 123456789, '2023-09-01', 1, 35.00, 98765432109),
  (48, 3, 123456789, '2023-10-01', 5, 14.00, 45678912304),
  (49, 4, 123456789, '2023-10-01', 3, 17.50, 32165498707),
  (50, 5, 123456789, '2023-10-01', 4, 19.20, 74185296300),
  (51, 1, 123456789, '2023-04-01', 2, 3.00, 12345678901),
  (52, 2, 123456789, '2023-10-01', 1, 25.00, 98765432109),
  (53, 3, 123456789, '2023-11-01', 5, 10.00, 45678912304),
  (54, 4, 123456789, '2023-08-01', 3, 10.50, 32165498707),
  (55, 5, 123456789, '2023-06-01', 4, 7.20, 74185296300),
  (56, 1, 123456789, '2023-05-01', 2, 8.00, 12345678901),
  (57, 2, 123456789, '2023-02-01', 1, 35.00, 98765432109),
  (58, 3, 123456789, '2023-02-01', 5, 14.00, 45678912304),
  (59, 4, 123456789, '2023-02-01', 3, 17.50, 32165498707),
  (60, 5, 123456789, '2023-01-01', 4, 19.20, 74185296300),
  (61, 1, 123456789, '2023-08-01', 2, 3.00, 12345678901),
  (62, 2, 123456789, '2023-07-01', 1, 25.00, 98765432109),
  (63, 3, 123456789, '2023-07-01', 5, 10.00, 45678912304),
  (64, 4, 123456789, '202-06-01', 3, 10.50, 32165498707),
  (65, 5, 123456789, '2023-07-01', 4, 7.20, 74185296300),
  (66, 1, 123456789, '2023-08-01', 2, 8.00, 12345678901),
  (67, 2, 123456789, '2023-02-01', 1, 35.00, 98765432109),
  (68, 3, 123456789, '2023-01-01', 5, 14.00, 45678912304),
  (69, 4, 123456789, '2023-04-01', 3, 17.50, 32165498707),
  (70, 5, 123456789, '2023-04-01', 4, 19.20, 74185296300),
  (71, 1, 123456789, '2023-05-01', 2, 3.00, 12345678901),
  (72, 2, 123456789, '2023-01-01', 1, 25.00, 98765432109),
  (73, 3, 123456789, '2023-01-01', 5, 10.00, 45678912304),
  (74, 4, 123456789, '2023-03-01', 3, 10.50, 32165498707),
  (75, 5, 123456789, '2023-03-01', 4, 7.20, 74185296300),
  (76, 1, 123456789, '2023-06-01', 2, 8.00, 12345678901),
  (77, 2, 123456789, '2023-09-01', 1, 35.00, 98765432109),
  (78, 3, 123456789, '2023-10-01', 5, 14.00, 45678912304),
  (79, 4, 123456789, '2023-10-01', 3, 17.50, 32165498707),
  (80, 5, 123456789, '2023-10-01', 4, 19.20, 74185296300),
  (81, 1, 123456789, '2023-04-01', 2, 3.00, 12345678901),
  (82, 2, 123456789, '2023-10-01', 1, 25.00, 98765432109),
  (83, 3, 123456789, '2023-11-01', 5, 10.00, 45678912304),
  (84, 4, 123456789, '2023-08-01', 3, 10.50, 32165498707),
  (85, 5, 123456789, '2023-06-01', 4, 7.20, 74185296300),
  (86, 1, 123456789, '2023-05-01', 2, 8.00, 12345678901),
  (87, 2, 123456789, '2023-02-01', 1, 35.00, 98765432109),
  (88, 3, 123456789, '2023-02-01', 5, 14.00, 45678912304),
  (89, 4, 123456789, '2023-02-01', 3, 17.50, 32165498707),
  (90, 5, 123456789, '2023-01-01', 4, 19.20, 74185296300),
  (91, 1, 123456789, '2023-08-01', 2, 3.00, 12345678901),
  (92, 2, 123456789, '2023-07-01', 1, 25.00, 98765432109),
  (93, 3, 123456789, '2023-07-01', 5, 10.00, 45678912304),
  (94, 4, 123456789, '202-06-01', 3, 10.50, 32165498707),
  (95, 5, 123456789, '2023-07-01', 4, 7.20, 74185296300),
  (96, 1, 123456789, '2023-08-01', 2, 8.00, 12345678901),
  (97, 2, 123456789, '2023-02-01', 1, 35.00, 98765432109),
  (98, 3, 123456789, '2023-01-01', 5, 14.00, 45678912304),
  (99, 4, 123456789, '2023-04-01', 3, 17.50, 32165498707),
  (100, 5, 123456789, '2023-04-01', 4, 19.20, 74185296300),
  (101, 1, 123456789, '2023-05-01', 2, 3.00, 12345678901),
  (102, 2, 123456789, '2023-01-01', 1, 25.00, 98765432109),
  (103, 3, 123456789, '2023-01-01', 5, 10.00, 45678912304),
  (104, 4, 123456789, '2023-03-01', 3, 10.50, 32165498707),
  (105, 5, 123456789, '2023-03-01', 4, 7.20, 74185296300),
  (106, 1, 123456789, '2023-06-01', 2, 8.00, 12345678901),
  (107, 2, 123456789, '2023-09-01', 1, 35.00, 98765432109),
  (108, 3, 123456789, '2023-10-01', 5, 14.00, 45678912304),
  (109, 4, 123456789, '2023-10-01', 3, 17.50, 32165498707),
  (110, 5, 123456789, '2023-10-01', 4, 19.20, 74185296300),
  (111, 1, 123456789, '2023-04-01', 2, 3.00, 12345678901),
  (112, 2, 123456789, '2023-10-01', 1, 25.00, 98765432109),
  (113, 3, 123456789, '2023-11-01', 5, 10.00, 45678912304),
  (114, 4, 123456789, '2023-08-01', 3, 10.50, 32165498707),
  (115, 5, 123456789, '2023-06-01', 4, 7.20, 74185296300),
  (116, 1, 123456789, '2023-05-01', 2, 8.00, 12345678901),
  (117, 2, 123456789, '2023-02-01', 1, 35.00, 98765432109),
  (118, 3, 123456789, '2023-02-01', 5, 14.00, 45678912304),
  (119, 4, 123456789, '2023-02-01', 3, 17.50, 32165498707),
  (120, 5, 123456789, '2023-01-01', 4, 19.20, 74185296300),
  (121, 1, 123456789, '2023-08-01', 2, 3.00, 12345678901),
  (122, 2, 123456789, '2023-07-01', 1, 25.00, 98765432109),
  (123, 3, 123456789, '2023-07-01', 5, 10.00, 45678912304),
  (124, 4, 123456789, '202-06-01', 3, 10.50, 32165498707),
  (125, 5, 123456789, '2023-07-01', 4, 7.20, 74185296300),
  (126, 1, 123456789, '2023-08-01', 2, 8.00, 12345678901),
  (127, 2, 123456789, '2023-02-01', 1, 35.00, 98765432109),
  (128, 3, 123456789, '2023-01-01', 5, 14.00, 45678912304),
  (129, 4, 123456789, '2023-04-01', 3, 17.50, 32165498707),
  (130, 5, 123456789, '2023-04-01', 4, 19.20, 74185296300),
  (131, 1, 123456789, '2023-05-01', 2, 3.00, 12345678901),
  (132, 2, 123456789, '2023-01-01', 1, 25.00, 98765432109),
  (133, 3, 123456789, '2023-01-01', 5, 10.00, 45678912304),
  (134, 4, 123456789, '2023-03-01', 3, 10.50, 32165498707),
  (135, 5, 123456789, '2023-03-01', 4, 7.20, 74185296300),
  (136, 1, 123456789, '2023-06-01', 2, 8.00, 12345678901),
  (137, 2, 123456789, '2023-09-01', 1, 35.00, 98765432109),
  (138, 3, 123456789, '2023-10-01', 5, 14.00, 45678912304),
  (139, 4, 123456789, '2023-10-01', 3, 17.50, 32165498707),
  (140, 5, 123456789, '2023-10-01', 4, 19.20, 74185296300),
  (141, 1, 123456789, '2023-04-01', 2, 3.00, 12345678901),
  (142, 2, 123456789, '2023-10-01', 1, 25.00, 98765432109),
  (143, 3, 123456789, '2023-11-01', 5, 10.00, 45678912304),
  (144, 4, 123456789, '2023-08-01', 3, 10.50, 32165498707),
  (145, 5, 123456789, '2023-06-01', 4, 7.20, 74185296300),
  (146, 1, 123456789, '2023-05-01', 2, 8.00, 12345678901),
  (147, 2, 123456789, '2023-02-01', 1, 35.00, 98765432109),
  (148, 3, 123456789, '2023-02-01', 5, 14.00, 45678912304),
  (149, 4, 123456789, '2023-02-01', 3, 17.50, 32165498707),
  (150, 5, 123456789, '2023-01-01', 4, 19.20, 74185296300),
  (151, 1, 123456789, '2023-08-01', 2, 3.00, 12345678901),
  (152, 2, 123456789, '2023-07-01', 1, 25.00, 98765432109),
  (153, 3, 123456789, '2023-07-01', 5, 10.00, 45678912304),
  (154, 4, 123456789, '202-06-01', 3, 10.50, 32165498707),
  (155, 5, 123456789, '2023-07-01', 4, 7.20, 74185296300),
  (156, 1, 123456789, '2023-08-01', 2, 8.00, 12345678901),
  (157, 2, 123456789, '2023-02-01', 1, 35.00, 98765432109),
  (158, 3, 123456789, '2023-01-01', 5, 14.00, 45678912304),
  (159, 4, 123456789, '2023-04-01', 3, 17.50, 32165498707),
  (160, 5, 123456789, '2023-04-01', 4, 19.20, 74185296300),
  (161, 1, 123456789, '2023-05-01', 2, 3.00, 12345678901),
  (162, 2, 123456789, '2023-01-01', 1, 25.00, 98765432109),
  (163, 3, 123456789, '2023-01-01', 5, 10.00, 45678912304),
  (164, 4, 123456789, '2023-03-01', 3, 10.50, 32165498707),
  (165, 5, 123456789, '2023-03-01', 4, 7.20, 74185296300),
  (166, 1, 123456789, '2023-06-01', 2, 8.00, 12345678901),
  (167, 2, 123456789, '2023-09-01', 1, 35.00, 98765432109),
  (168, 3, 123456789, '2023-10-01', 5, 14.00, 45678912304),
  (169, 4, 123456789, '2023-10-01', 3, 17.50, 32165498707),
  (170, 5, 123456789, '2023-10-01', 4, 19.20, 74185296300),
  (171, 1, 123456789, '2023-04-01', 2, 3.00, 12345678901),
  (172, 2, 123456789, '2023-10-01', 1, 25.00, 98765432109),
  (173, 3, 123456789, '2023-11-01', 5, 10.00, 45678912304),
  (174, 4, 123456789, '2023-08-01', 3, 10.50, 32165498707),
  (175, 5, 123456789, '2023-06-01', 4, 7.20, 74185296300),
  (176, 1, 123456789, '2023-05-01', 2, 8.00, 12345678901),
  (177, 2, 123456789, '2023-02-01', 1, 35.00, 98765432109),
  (178, 3, 123456789, '2023-02-01', 5, 14.00, 45678912304),
  (179, 4, 123456789, '2023-02-01', 3, 17.50, 32165498707),
  (180, 5, 123456789, '2023-01-01', 4, 19.20, 74185296300),
  (181, 1, 123456789, '2023-08-01', 2, 3.00, 12345678901),
  (182, 2, 123456789, '2023-07-01', 1, 25.00, 98765432109),
  (183, 3, 123456789, '2023-07-01', 5, 10.00, 45678912304),
  (184, 4, 123456789, '202-06-01', 3, 10.50, 32165498707),
  (185, 5, 123456789, '2023-07-01', 4, 7.20, 74185296300),
  (186, 1, 123456789, '2023-08-01', 2, 8.00, 12345678901),
  (187, 2, 123456789, '2023-02-01', 1, 35.00, 98765432109),
  (188, 3, 123456789, '2023-01-01', 5, 14.00, 45678912304),
  (189, 4, 123456789, '2023-04-01', 3, 17.50, 32165498707),
  (190, 5, 123456789, '2023-04-01', 4, 19.20, 74185296300),
  (191, 1, 123456789, '2023-05-01', 2, 3.00, 12345678901),
  (192, 2, 123456789, '2023-01-01', 1, 25.00, 98765432109),
  (193, 3, 123456789, '2023-01-01', 5, 10.00, 45678912304),
  (194, 4, 123456789, '2023-03-01', 3, 10.50, 32165498707),
  (195, 5, 123456789, '2023-03-01', 4, 7.20, 74185296300),
  (196, 1, 123456789, '2023-06-01', 2, 8.00, 12345678901),
  (197, 2, 123456789, '2023-09-01', 1, 35.00, 98765432109),
  (198, 3, 123456789, '2023-10-01', 5, 14.00, 45678912304),
  (199, 4, 123456789, '2023-10-01', 3, 17.50, 32165498707),
  (200, 5, 123456789, '2023-10-01', 4, 19.20, 74185296300),
  (201, 1, 123456789, '2023-08-01', 2, 3.00, 12345678901),
  (202, 2, 123456789, '2023-07-01', 1, 25.00, 98765432109),
  (203, 3, 123456789, '2023-07-01', 5, 10.00, 45678912304),
  (204, 4, 123456789, '202-06-01', 3, 10.50, 32165498707),
  (205, 5, 123456789, '2023-07-01', 4, 7.20, 74185296300),
  (206, 1, 123456789, '2023-08-01', 2, 8.00, 12345678901),
  (207, 2, 123456789, '2023-02-01', 1, 35.00, 98765432109),
  (208, 3, 123456789, '2023-01-01', 5, 14.00, 45678912304),
  (209, 4, 123456789, '2023-04-01', 3, 17.50, 32165498707),
  (210, 5, 123456789, '2023-04-01', 4, 19.20, 74185296300),
  (211, 1, 123456789, '2023-05-01', 2, 3.00, 12345678901),
  (212, 2, 123456789, '2023-01-01', 1, 25.00, 98765432109),
  (213, 3, 123456789, '2023-01-01', 5, 10.00, 45678912304),
  (214, 4, 123456789, '2023-03-01', 3, 10.50, 32165498707),
  (215, 5, 123456789, '2023-03-01', 4, 7.20, 74185296300),
  (216, 1, 123456789, '2023-06-01', 2, 8.00, 12345678901),
  (217, 2, 123456789, '2023-09-01', 1, 35.00, 98765432109),
  (218, 3, 123456789, '2023-10-01', 5, 14.00, 45678912304),
  (219, 4, 123456789, '2023-10-01', 3, 17.50, 32165498707),
  (220, 5, 123456789, '2023-10-01', 4, 19.20, 74185296300),
  (221, 1, 123456789, '2023-04-01', 2, 3.00, 12345678901),
  (222, 2, 123456789, '2023-10-01', 1, 25.00, 98765432109),
  (223, 3, 123456789, '2023-11-01', 5, 10.00, 45678912304),
  (224, 4, 123456789, '2023-08-01', 3, 10.50, 32165498707),
  (225, 5, 123456789, '2023-06-01', 4, 7.20, 74185296300),
  (226, 1, 123456789, '2023-05-01', 2, 8.00, 12345678901),
  (227, 2, 123456789, '2023-02-01', 1, 35.00, 98765432109),
  (228, 3, 123456789, '2023-02-01', 5, 14.00, 45678912304),
  (229, 4, 123456789, '2023-02-01', 3, 17.50, 32165498707),
  (230, 5, 123456789, '2023-01-01', 4, 19.20, 74185296300),
  (231, 1, 123456789, '2023-08-01', 2, 3.00, 12345678901),
  (232, 2, 123456789, '2023-07-01', 1, 25.00, 98765432109),
  (233, 3, 123456789, '2023-07-01', 5, 10.00, 45678912304),
  (234, 4, 123456789, '202-06-01', 3, 10.50, 32165498707),
  (235, 5, 123456789, '2023-07-01', 4, 7.20, 74185296300),
  (236, 1, 123456789, '2023-08-01', 2, 8.00, 12345678901),
  (237, 2, 123456789, '2023-02-01', 1, 35.00, 98765432109),
  (238, 3, 123456789, '2023-01-01', 5, 14.00, 45678912304),
  (239, 4, 123456789, '2023-04-01', 3, 17.50, 32165498707),
  (240, 5, 123456789, '2023-04-01', 4, 19.20, 74185296300),
  (241, 1, 123456789, '2023-05-01', 2, 3.00, 12345678901),
  (242, 2, 123456789, '2023-01-01', 1, 25.00, 98765432109),
  (243, 3, 123456789, '2023-01-01', 5, 10.00, 45678912304),
  (244, 4, 123456789, '2023-03-01', 3, 10.50, 32165498707),
  (245, 5, 123456789, '2023-03-01', 4, 7.20, 74185296300),
  (246, 1, 123456789, '2023-06-01', 2, 8.00, 12345678901),
  (247, 2, 123456789, '2023-09-01', 1, 35.00, 98765432109),
  (248, 3, 123456789, '2023-10-01', 5, 14.00, 45678912304),
  (249, 4, 123456789, '2023-10-01', 3, 17.50, 32165498707),
  (250, 5, 123456789, '2023-10-01', 4, 19.20, 74185296300),
  (251, 1, 123456789, '2023-04-01', 2, 3.00, 12345678901),
  (252, 2, 123456789, '2023-10-01', 1, 25.00, 98765432109),
  (253, 3, 123456789, '2023-11-01', 5, 10.00, 45678912304),
  (254, 4, 123456789, '2023-08-01', 3, 10.50, 32165498707),
  (255, 5, 123456789, '2023-06-01', 4, 7.20, 74185296300),
  (256, 1, 123456789, '2023-05-01', 2, 8.00, 12345678901),
  (257, 2, 123456789, '2023-02-01', 1, 35.00, 98765432109),
  (258, 3, 123456789, '2023-02-01', 5, 14.00, 45678912304),
  (259, 4, 123456789, '2023-02-01', 3, 17.50, 32165498707),
  (260, 5, 123456789, '2023-01-01', 4, 19.20, 74185296300),
  (261, 1, 123456789, '2023-08-01', 2, 3.00, 12345678901),
  (262, 2, 123456789, '2023-07-01', 1, 25.00, 98765432109),
  (263, 3, 123456789, '2023-07-01', 5, 10.00, 45678912304),
  (264, 4, 123456789, '202-06-01', 3, 10.50, 32165498707),
  (265, 5, 123456789, '2023-07-01', 4, 7.20, 74185296300),
  (266, 1, 123456789, '2023-08-01', 2, 8.00, 12345678901),
  (267, 2, 123456789, '2023-02-01', 1, 35.00, 98765432109),
  (268, 3, 123456789, '2023-01-01', 5, 14.00, 45678912304),
  (269, 4, 123456789, '2023-04-01', 3, 17.50, 32165498707),
  (270, 5, 123456789, '2023-04-01', 4, 19.20, 74185296300),
  (271, 1, 123456789, '2023-05-01', 2, 3.00, 12345678901),
  (272, 2, 123456789, '2023-01-01', 1, 25.00, 98765432109),
  (273, 3, 123456789, '2023-01-01', 5, 10.00, 45678912304),
  (274, 4, 123456789, '2023-03-01', 3, 10.50, 32165498707),
  (275, 5, 123456789, '2023-03-01', 4, 7.20, 74185296300),
  (276, 1, 123456789, '2023-06-01', 2, 8.00, 12345678901),
  (277, 2, 123456789, '2023-09-01', 1, 35.00, 98765432109),
  (278, 3, 123456789, '2023-10-01', 5, 14.00, 45678912304),
  (279, 4, 123456789, '2023-10-01', 3, 17.50, 32165498707),
  (280, 5, 123456789, '2023-10-01', 4, 19.20, 74185296300),
  (281, 1, 123456789, '2023-04-01', 2, 3.00, 12345678901),
  (282, 2, 123456789, '2023-10-01', 1, 25.00, 98765432109),
  (283, 3, 123456789, '2023-11-01', 5, 10.00, 45678912304),
  (284, 4, 123456789, '2023-08-01', 3, 10.50, 32165498707),
  (285, 5, 123456789, '2023-06-01', 4, 7.20, 74185296300),
  (286, 1, 123456789, '2023-05-01', 2, 8.00, 12345678901),
  (287, 2, 123456789, '2023-02-01', 1, 35.00, 98765432109),
  (288, 3, 123456789, '2023-02-01', 5, 14.00, 45678912304),
  (289, 4, 123456789, '2023-02-01', 3, 17.50, 32165498707),
  (290, 5, 123456789, '2023-01-01', 4, 19.20, 74185296300),
  (291, 1, 123456789, '2023-08-01', 2, 3.00, 12345678901),
  (292, 2, 123456789, '2023-07-01', 1, 25.00, 98765432109),
  (293, 3, 123456789, '2023-07-01', 5, 10.00, 45678912304),
  (294, 4, 123456789, '202-06-01', 3, 10.50, 32165498707),
  (295, 5, 123456789, '2023-07-01', 4, 7.20, 74185296300),
  (296, 1, 123456789, '2023-08-01', 2, 8.00, 12345678901),
  (297, 2, 123456789, '2023-02-01', 1, 35.00, 98765432109),
  (298, 3, 123456789, '2023-01-01', 5, 14.00, 45678912304),
  (299, 4, 123456789, '2023-04-01', 3, 17.50, 32165498707),
  (300, 5, 123456789, '2023-04-01', 4, 19.20, 74185296300),
  (301, 1, 123456789, '2023-05-01', 2, 3.00, 12345678901),
  (302, 2, 123456789, '2023-01-01', 1, 25.00, 98765432109),
  (303, 3, 123456789, '2023-01-01', 5, 10.00, 45678912304),
  (304, 4, 123456789, '2023-03-01', 3, 10.50, 32165498707),
  (305, 5, 123456789, '2023-03-01', 4, 7.20, 74185296300),
  (306, 1, 123456789, '2023-06-01', 2, 8.00, 12345678901),
  (307, 2, 123456789, '2023-09-01', 1, 35.00, 98765432109),
  (308, 3, 123456789, '2023-10-01', 5, 14.00, 45678912304),
  (309, 4, 123456789, '2023-10-01', 3, 17.50, 32165498707),
  (310, 5, 123456789, '2023-10-01', 4, 19.20, 74185296300),
  (311, 1, 123456789, '2023-04-01', 2, 3.00, 12345678901),
  (312, 2, 123456789, '2023-10-01', 1, 25.00, 98765432109),
  (313, 3, 123456789, '2023-11-01', 5, 10.00, 45678912304),
  (314, 4, 123456789, '2023-08-01', 3, 10.50, 32165498707),
  (315, 5, 123456789, '2023-06-01', 4, 7.20, 74185296300),
  (316, 1, 123456789, '2023-05-01', 2, 8.00, 12345678901),
  (317, 2, 123456789, '2023-02-01', 1, 35.00, 98765432109),
  (318, 3, 123456789, '2023-02-01', 5, 14.00, 45678912304),
  (319, 4, 123456789, '2023-02-01', 3, 17.50, 32165498707),
  (320, 5, 123456789, '2023-01-01', 4, 19.20, 74185296300),
  (321, 1, 123456789, '2023-08-01', 2, 3.00, 12345678901),
  (322, 2, 123456789, '2023-07-01', 1, 25.00, 98765432109),
  (323, 3, 123456789, '2023-07-01', 5, 10.00, 45678912304),
  (324, 4, 123456789, '202-06-01', 3, 10.50, 32165498707),
  (325, 5, 123456789, '2023-07-01', 4, 7.20, 74185296300),
  (326, 1, 123456789, '2023-08-01', 2, 8.00, 12345678901),
  (327, 2, 123456789, '2023-02-01', 1, 35.00, 98765432109),
  (328, 3, 123456789, '2023-01-01', 5, 14.00, 45678912304),
  (329, 4, 123456789, '2023-04-01', 3, 17.50, 32165498707),
  (330, 5, 123456789, '2023-04-01', 4, 19.20, 74185296300),
  (331, 1, 123456789, '2023-05-01', 2, 3.00, 12345678901),
  (332, 2, 123456789, '2023-01-01', 1, 25.00, 98765432109),
  (333, 3, 123456789, '2023-01-01', 5, 10.00, 45678912304),
  (334, 4, 123456789, '2023-03-01', 3, 10.50, 32165498707),
  (335, 5, 123456789, '2023-03-01', 4, 7.20, 74185296300),
  (336, 1, 123456789, '2023-06-01', 2, 8.00, 12345678901),
  (337, 2, 123456789, '2023-09-01', 1, 35.00, 98765432109),
  (338, 3, 123456789, '2023-10-01', 5, 14.00, 45678912304),
  (339, 4, 123456789, '2023-10-01', 3, 17.50, 32165498707),
  (340, 5, 123456789, '2023-10-01', 4, 19.20, 74185296300),
  (341, 1, 123456789, '2023-04-01', 2, 3.00, 12345678901),
  (342, 2, 123456789, '2023-10-01', 1, 25.00, 98765432109),
  (343, 3, 123456789, '2023-11-01', 5, 10.00, 45678912304),
  (344, 4, 123456789, '2023-08-01', 3, 10.50, 32165498707),
  (345, 5, 123456789, '2023-06-01', 4, 7.20, 74185296300),
  (346, 1, 123456789, '2023-05-01', 2, 8.00, 12345678901),
  (347, 2, 123456789, '2023-02-01', 1, 35.00, 98765432109),
  (348, 3, 123456789, '2023-02-01', 5, 14.00, 45678912304),
  (349, 4, 123456789, '2023-02-01', 3, 17.50, 32165498707),
  (350, 5, 123456789, '2023-01-01', 4, 19.20, 74185296300),
  (351, 1, 123456789, '2023-08-01', 2, 3.00, 12345678901),
  (352, 2, 123456789, '2023-07-01', 1, 25.00, 98765432109),
  (353, 3, 123456789, '2023-07-01', 5, 10.00, 45678912304),
  (354, 4, 123456789, '202-06-01', 3, 10.50, 32165498707),
  (355, 5, 123456789, '2023-07-01', 4, 7.20, 74185296300),
  (356, 1, 123456789, '2023-08-01', 2, 8.00, 12345678901),
  (357, 2, 123456789, '2023-02-01', 1, 35.00, 98765432109),
  (358, 3, 123456789, '2023-01-01', 5, 14.00, 45678912304),
  (359, 4, 123456789, '2023-04-01', 3, 17.50, 32165498707),
  (360, 5, 123456789, '2023-04-01', 4, 19.20, 74185296300),
  (361, 1, 123456789, '2023-05-01', 2, 3.00, 12345678901),
  (362, 2, 123456789, '2023-01-01', 1, 25.00, 98765432109),
  (363, 3, 123456789, '2023-01-01', 5, 10.00, 45678912304),
  (364, 4, 123456789, '2023-03-01', 3, 10.50, 32165498707),
  (365, 5, 123456789, '2023-03-01', 4, 7.20, 74185296300),
  (366, 1, 123456789, '2023-06-01', 2, 8.00, 12345678901),
  (367, 2, 123456789, '2023-09-01', 1, 35.00, 98765432109),
  (368, 3, 123456789, '2023-10-01', 5, 14.00, 45678912304),
  (369, 4, 123456789, '2023-10-01', 3, 17.50, 32165498707),
  (370, 5, 123456789, '2023-10-01', 4, 19.20, 74185296300),
  (371, 1, 123456789, '2023-04-01', 2, 3.00, 12345678901),
  (372, 2, 123456789, '2023-10-01', 1, 25.00, 98765432109),
  (373, 3, 123456789, '2023-11-01', 5, 10.00, 45678912304),
  (374, 4, 123456789, '2023-08-01', 3, 10.50, 32165498707),
  (375, 5, 123456789, '2023-06-01', 4, 7.20, 74185296300),
  (376, 1, 123456789, '2023-05-01', 2, 8.00, 12345678901),
  (377, 2, 123456789, '2023-02-01', 1, 35.00, 98765432109),
  (378, 3, 123456789, '2023-02-01', 5, 14.00, 45678912304),
  (379, 4, 123456789, '2023-02-01', 3, 17.50, 32165498707),
  (380, 5, 123456789, '2023-01-01', 4, 19.20, 74185296300),
  (381, 1, 123456789, '2023-08-01', 2, 3.00, 12345678901),
  (382, 2, 123456789, '2023-07-01', 1, 25.00, 98765432109),
  (383, 3, 123456789, '2023-07-01', 5, 10.00, 45678912304),
  (384, 4, 123456789, '202-06-01', 3, 10.50, 32165498707),
  (385, 5, 123456789, '2023-07-01', 4, 7.20, 74185296300),
  (386, 1, 123456789, '2023-08-01', 2, 8.00, 12345678901),
  (387, 2, 123456789, '2023-02-01', 1, 35.00, 98765432109),
  (388, 3, 123456789, '2023-01-01', 5, 14.00, 45678912304),
  (389, 4, 123456789, '2023-04-01', 3, 17.50, 32165498707),
  (390, 5, 123456789, '2023-04-01', 4, 19.20, 74185296300),
  (391, 1, 123456789, '2023-05-01', 2, 3.00, 12345678901),
  (392, 2, 123456789, '2023-01-01', 1, 25.00, 98765432109),
  (393, 3, 123456789, '2023-01-01', 5, 10.00, 45678912304),
  (394, 4, 123456789, '2023-03-01', 3, 10.50, 32165498707),
  (395, 5, 123456789, '2023-03-01', 4, 7.20, 74185296300),
  (396, 1, 123456789, '2023-06-01', 2, 8.00, 12345678901),
  (397, 2, 123456789, '2023-09-01', 1, 35.00, 98765432109),
  (398, 3, 123456789, '2023-10-01', 5, 14.00, 45678912304),
  (399, 4, 123456789, '2023-10-01', 3, 17.50, 32165498707),
  (400, 5, 123456789, '2023-10-01', 4, 19.20, 74185296300);